month,hour,year,aboard,fatalities
1,12,1950,32,32
3,20,1950,13,13
3,14,1950,83,80
4,23,1950,35,35
5,20,1950,16,16
5,10,1950,39,39
5,17,1950,2,1
6,22,1950,65,28
6,19,1950,15,15
6,21,1950,52,46
6,21,1950,53,40
6,23,1950,58,58
6,23,1950,29,29
7,4,1950,26,25
8,22,1950,20,12
8,0,1950,55,55
9,14,1950,23,16
9,5,1950,26,26
9,1,1950,51,23
10,19,1950,30,28
11,9,1950,48,48
11,8,1950,21,21
11,18,1950,52,52
12,13,1950,31,31
12,7,1950,38,38
12,13,1950,18,2
1,14,1951,28,7
1,12,1951,10,10
1,14,1951,17,14
1,8,1951,16,16
1,16,1951,20,20
3,9,1951,25,16
3,23,1951,53,53
4,20,1951,22,22
4,11,1951,21,21
4,11,1951,43,43
4,19,1951,11,11
5,12,1951,25,23
6,3,1951,40,40
6,2,1951,50,50
7,22,1951,10,10
7,0,1951,37,37
8,9,1951,5,5
8,4,1951,50,50
9,10,1951,3,3
9,12,1951,39,39
10,18,1951,23,23
10,19,1951,27,25
11,9,1951,29,1
12,7,1951,3,3
12,15,1951,56,56
12,22,1951,40,26
12,22,1951,4,4
12,15,1951,28,28
1,19,1952,23,23
1,1,1952,43,36
1,15,1952,23,23
2,0,1952,63,29
2,17,1952,31,31
2,2,1952,16,3
3,8,1952,38,38
3,10,1952,47,44
3,3,1952,21,17
4,8,1952,2,2
4,8,1952,37,37
4,12,1952,69,52
4,3,1952,29,29
4,4,1952,50,50
5,8,1952,18,1
6,11,1952,8,8
7,11,1952,27,1
8,1,1952,57,7
8,7,1952,18,18
8,21,1952,4,2
9,15,1952,1,1
10,8,1952,16,16
11,3,1952,19,19
11,14,1952,44,44
11,20,1952,52,52
11,0,1952,38,37
12,4,1952,41,37
12,6,1952,115,87
1,20,1953,35,27
1,20,1953,7,7
1,4,1953,40,40
1,4,1953,26,26
2,5,1953,39,39
2,19,1953,35,30
2,17,1953,46,46
3,3,1953,11,11
3,4,1953,23,23
3,18,1953,35,35
4,2,1953,25,7
4,23,1953,10,8
5,16,1953,43,43
5,1,1953,18,18
5,14,1953,20,19
5,15,1953,34,0
6,16,1953,129,129
7,8,1953,58,58
7,23,1953,46,44
7,12,1953,21,21
8,2,1953,42,4
8,22,1953,25,1
9,18,1953,21,21
9,13,1953,3,3
9,8,1953,28,28
9,16,1953,41,25
10,0,1953,27,2
10,13,1953,21,21
10,8,1953,19,19
11,17,1953,10,10
12,6,1953,16,11
1,17,1954,17,16
1,9,1954,35,35
2,13,1954,35,35
2,10,1954,9,9
3,14,1954,20,20
3,22,1954,18,18
4,19,1954,21,21
4,10,1954,36,36
4,21,1954,25,25
4,9,1954,11,5
5,9,1954,28,3
7,12,1954,20,20
7,9,1954,18,10
8,15,1954,2,2
8,0,1954,30,30
8,17,1954,19,12
8,11,1954,21,21
8,22,1954,27,26
9,2,1954,56,28
9,20,1954,30,6
10,17,1954,21,21
10,23,1954,42,42
10,15,1954,8,3
11,11,1954,7,2
12,14,1954,32,26
12,23,1954,28,10
1,21,1955,18,18
1,9,1955,15,15
1,16,1955,39,0
2,3,1955,10,10
2,10,1955,13,13
2,18,1955,29,29
2,7,1955,16,16
2,9,1955,26,1
3,22,1955,35,13
3,2,1955,66,66
3,11,1955,23,4
4,15,1955,3,3
4,17,1955,19,19
5,11,1955,20,20
5,14,1955,2,2
6,1,1955,24,16
7,6,1955,43,22
7,7,1955,58,58
8,12,1955,30,30
8,14,1955,66,66
9,22,1955,47,15
9,6,1955,5,3
10,7,1955,66,66
10,16,1955,29,7
11,19,1955,44,44
11,23,1955,74,28
11,17,1955,11,10
11,22,1955,10,10
12,2,1955,6,6
12,20,1955,2,2
12,3,1955,17,17
1,0,1956,18,4
2,13,1956,40,40
2,13,1956,50,50
2,2,1956,64,52
2,14,1956,3,3
4,19,1956,36,22
4,8,1956,38,5
4,9,1956,6,6
4,9,1956,54,2
5,22,1956,2,2
6,1,1956,74,74
6,17,1956,45,32
6,10,1956,128,128
7,13,1956,35,1
7,15,1956,66,46
7,7,1956,18,18
8,20,1956,22,15
10,18,1956,5,5
10,22,1956,59,59
10,6,1956,31,0
10,22,1956,23,23
11,23,1956,80,5
11,9,1956,12,2
11,14,1956,25,25
11,17,1956,36,36
11,23,1956,35,34
11,7,1956,25,25
12,6,1956,16,14
12,19,1956,62,62
12,9,1956,5,5
12,21,1956,30,3
12,17,1956,21,21
12,15,1956,37,11
1,0,1957,10,1
1,9,1957,33,17
1,c16:50,1957,16,16
1,19,1957,70,2
1,11,1957,6,5
2,18,1957,101,21
2,20,1957,159,22
3,17,1957,5,5
3,11,1957,22,18
3,10,1957,15,15
3,13,1957,20,20
3,1,1957,25,24
3,1,1957,67,67
4,15,1957,30,26
4,7,1957,3,3
4,8,1957,24,24
5,21,1957,35,34
5,19,1957,37,37
5,3,1957,3,2
6,23,1957,13,9
6,7,1957,3,3
6,14,1957,18,14
7,3,1957,68,58
7,3,1957,16,1
8,14,1957,79,79
9,20,1957,24,12
9,21,1957,35,1
10,16,1957,7,7
10,18,1957,21,21
11,16,1957,44,44
11,20,1957,4,4
11,22,1957,58,43
11,11,1957,4,4
12,16,1957,61,61
12,13,1957,12,2
12,16,1957,23,19
2,19,1958,49,47
2,14,1958,44,23
2,5,1958,22,22
2,9,1958,42,35
3,19,1958,26,26
3,2,1958,4,4
3,16,1958,18,18
4,23,1958,47,47
4,9,1958,32,32
4,20,1958,16,16
4,8,1958,49,49
5,4,1958,65,61
5,11,1958,11,11
6,5,1958,57,1
6,13,1958,3,1
6,0,1958,15,15
8,1,1958,54,36
8,3,1958,99,99
9,6,1958,19,19
10,0,1958,23,23
10,11,1958,31,31
11,2,1958,20,17
11,20,1958,8,8
11,13,1958,36,36
12,17,1958,21,21
12,11,1958,12,9
12,12,1958,70,3
1,11,1959,5,5
1,20,1959,10,10
1,21,1959,52,51
1,15,1959,15,10
1,6,1959,6,2
2,23,1959,28,3
2,23,1959,73,65
2,1,1959,4,4
2,16,1959,24,14
3,11,1959,19,15
3,14,1959,7,5
3,8,1959,18,1
3,10,1959,24,24
4,16,1959,28,28
5,21,1959,5,5
5,16,1959,31,31
5,15,1959,44,2
6,17,1959,68,68
6,10,1959,1,0
8,10,1959,6,6
8,17,1959,3,2
8,16,1959,5,5
9,18,1959,20,20
9,17,1959,16,16
9,22,1959,65,53
9,23,1959,34,34
10,20,1959,19,1
10,15,1959,18,18
10,20,1959,27,26
11,23,1959,5,5
11,0,1959,42,42
11,5,1959,3,3
12,9,1959,26,25
12,16,1959,45,45
12,2,1959,3,3
12,7,1959,2,2
12,5,1959,2,1
1,10,1960,9,9
1,2,1960,34,34
1,15,1960,10,10
1,22,1960,50,50
1,18,1960,42,42
1,0,1960,9,9
2,13,1960,61,61
3,15,1960,63,63
3,11,1960,46,25
4,14,1960,18,2
4,14,1960,22,10
4,20,1960,51,37
4,13,1960,44,4
4,8,1960,13,13
5,19,1960,12,12
5,11,1960,4,4
6,4,1960,14,14
6,18,1960,54,54
7,14,1960,21,18
7,11,1960,18,18
7,4,1960,58,1
7,9,1960,11,1
7,13,1960,41,37
7,22,1960,13,13
7,10,1960,34,1
8,23,1960,20,20
8,6,1960,63,63
9,6,1960,94,80
9,23,1960,37,31
9,12,1960,21,21
10,17,1960,72,62
10,11,1960,12,12
10,21,1960,48,22
11,18,1960,33,33
12,19,1960,31,31
12,10,1960,128,128
12,14,1960,20,20
12,12,1960,37,28
1,7,1961,25,25
1,20,1961,106,4
1,1,1961,22,6
1,2,1961,21,21
1,12'20,1961,6,6
2,23,1961,26,26
2,10,1961,72,72
3,15,1961,12,12
3,20,1961,52,52
4,23,1961,24,24
5,2,1961,78,78
5,1,1961,61,61
6,4,1961,36,20
6,22,1961,7,1
6,20,1961,35,24
7,11,1961,122,17
7,1,1961,72,72
7,8,1961,67,67
7,2,1961,6,6
8,17,1961,39,39
8,18,1961,6,1
9,2,1961,78,78
9,3,1961,83,83
9,22,1961,77,77
9,8,1961,37,37
9,22,1961,16,16
9,18,1961,29,28
10,2,1961,34,34
11,14,1961,10,2
11,2,1961,45,45
11,21,1961,79,77
11,5,1961,52,52
12,10,1961,5,1
1,15,1962,6,6
2,10,1962,18,18
2,14,1962,2,2
3,10,1962,95,95
3,18,1962,111,111
3,17,1962,11,11
3,17,1962,15,15
3,1,1962,7,1
3,0,1962,107,107
3,17,1962,22,22
4,15,1962,31,31
5,13,1962,18,12
5,19,1962,25,23
5,21,1962,45,45
5,11,1962,26,26
6,12,1962,132,130
6,4,1962,112,112
7,23,1962,94,94
7,21,1962,6,6
7,15,1962,26,26
7,23,1962,40,27
8,13,1962,10,10
8,22,1962,105,15
8,15,1962,32,20
9,16,1962,12,12
9,21,1962,13,13
9,9,1962,34,11
9,11,1962,44,44
9,21,1962,76,28
10,18,1962,19,2
10,20,1962,52,1
11,14,1962,27,27
11,12,1962,18,18
11,14,1962,21,21
11,12,1962,26,26
11,3,1962,97,97
11,21,1962,51,25
12,17,1962,26,24
12,22,1962,5,5
12,2,1962,50,50
12,19,1962,33,33
12,1,1962,25,25
1,23,1963,6,5
1,15,1963,3,3
1,22,1963,8,8
2,17,1963,17,17
2,12,1963,8,3
2,13,1963,43,43
2,21,1963,26,0
3,10,1963,27,27
3,18,1963,4,4
3,13,1963,41,41
3,5,1963,4,4
3,2,1963,18,18
3,11,1963,10,10
4,12,1963,12,12
5,13,1963,55,55
6,10,1963,101,101
6,4,1963,29,29
6,12,1963,47,38
7,15,1963,43,7
7,9,1963,23,23
7,1,1963,63,63
8,13,1963,20,20
8,15,1963,2,1
8,12,1963,52,0
8,12,1963,16,16
9,6,1963,80,80
10,11,1963,6,6
10,10,1963,7,7
11,17,1963,24,22
11,18,1963,118,118
12,19,1963,3,3
12,20,1963,81,81
12,10,1963,3,3
12,23,1963,46,0
1,9,1964,30,28
1,23,1964,2,2
2,8,1964,10,10
2,15,1964,13,13
2,16,1964,32,31
2,4,1964,2,2
2,2,1964,58,58
2,6,1964,42,20
2,14,1964,83,83
3,11,1964,85,85
3,18,1964,28,28
3,23,1964,30,1
3,8,1964,3,3
3,7,1964,2,2
3,20,1964,5,5
3,7,1964,3,3
3,22,1964,45,45
3,6,1964,9,9
4,19,1964,49,49
4,15,1964,2,2
5,6,1964,44,44
5,20,1964,49,46
5,19,1964,84,79
5,10,1964,11,11
6,21,1964,3,3
6,22,1964,5,2
6,17,1964,57,57
6,4,1964,28,1
7,5,1964,5,5
7,12,1964,53,1
7,18,1964,39,39
7,2,1964,3,3
7,18,1964,76,0
7,16,1964,2,2
8,12,1964,3,3
8,1,1964,2,2
9,16,1964,39,39
9,19,1964,34,28
9,17,1964,2,2
10,5,1964,80,80
10,9,1964,2,2
10,11,1964,33,33
11,11,1964,5,5
11,20,1964,29,29
11,21,1964,43,31
11,13,1964,73,50
11,19,1964,14,6
12,19,1964,5,4
12,10,1964,17,17
12,9,1964,39,1
12,0,1964,3,3
12,2,1964,4,4
1,0,1965,3,3
1,12,1965,2,2
1,9,1965,17,17
2,8,1965,87,87
2,18,1965,84,84
2,4,1965,2,2
2,19,1965,2,2
3,10,1965,12,10
3,9,1965,8,8
3,14,1965,28,28
3,8,1965,53,50
4,0,1965,2,2
4,19,1965,2,2
4,14,1965,5,5
5,21,1965,49,30
5,23,1965,125,119
6,9,1965,18,18
6,1,1965,85,85
6,13,1965,153,0
7,5,1965,66,0
7,16,1965,41,41
7,16,1965,52,52
7,22,1965,19,16
7,17,1965,12,8
7,12,1965,11,11
7,7,1965,37,37
8,23,1965,7,7
8,11,1965,13,13
8,20,1965,30,30
8,13,1965,4,4
8,10,1965,72,59
9,9,1965,5,4
9,16,1965,11,11
9,11,1965,11,9
9,11,1965,30,30
9,15,1965,3,3
10,1,1965,4,4
10,7,1965,8,8
10,10,1965,37,1
10,1,1965,36,36
11,7,1965,68,68
11,19,1965,62,58
11,12,1965,30,30
11,17,1965,91,43
11,14,1965,2,2
11,17,1965,8,8
11,7,1965,13,13
12,16,1965,112,4
12,18,1965,32,32
12,15,1965,85,85
12,19,1965,2,2
12,17,1965,21,2
12,22,1965,3,3
1,20,1966,64,56
1,8,1966,117,117
1,10,1966,46,46
1,12,1966,3,3
1,17,1966,46,46
2,19,1966,133,133
2,18,1966,2,2
2,2,1966,4,4
3,20,1966,72,64
3,14,1966,124,124
3,8,1966,6,6
3,17,1966,7,6
3,18,1966,30,30
4,18,1966,2,2
4,20,1966,98,83
4,8,1966,49,49
5,8,1966,20,20
5,21,1966,2,2
6,8,1966,3,3
6,11,1966,12,2
6,6,1966,4,4
6,12,1966,26,24
7,15,1966,5,2
7,20,1966,3,3
7,18,1966,4,4
8,23,1966,42,42
8,18,1966,4,4
8,7,1966,6,6
8,18,1966,16,1
8,10,1966,9,9
9,0,1966,117,98
9,8,1966,27,1
9,13,1966,24,24
9,3,1966,2,2
10,19,1966,18,18
10,13,1966,11,11
10,20,1966,6,6
11,9,1966,2,2
11,22,1966,3,3
11,1,1966,19,19
11,20,1966,50,50
11,2,1966,3,3
11,6,1966,3,3
11,12,1966,30,30
11,16,1966,82,82
11,19,1966,25,25
12,2,1966,59,17
12,9,1966,29,29
12,19,1966,4,4
1,6,1967,9,9
1,16,1967,3,3
1,4,1967,2,2
2,0,1967,2,2
2,5,1967,10,10
2,12,1967,2,2
2,14,1967,63,22
2,8,1967,55,4
2,4,1967,20,12
3,2,1967,90,51
3,20,1967,38,38
3,11,1967,26,26
3,5,1967,4,4
3,16,1967,25,25
3,17,1967,25,25
3,7,1967,2,2
3,5,1967,2,2
3,0,1967,6,6
4,15,1967,2,2
4,16,1967,9,9
4,11,1967,15,15
4,17,1967,23,23
4,1,1967,130,126
4,19,1967,15,14
4,17,1967,21,19
5,16,1967,14,3
5,16,1967,4,4
5,18,1967,3,3
6,21,1967,88,88
6,10,1967,84,72
6,17,1967,2,2
6,5,1967,25,20
6,19,1967,56,35
6,21,1967,7,7
6,13,1967,34,34
6,9,1967,35,22
7,18,1967,21,21
7,11,1967,82,82
7,7,1967,42,42
7,10,1967,16,16
7,18,1967,7,7
9,5,1967,69,37
9,9,1967,8,3
10,9,1967,23,23
10,9,1967,3,2
10,7,1967,66,66
10,15,1967,4,4
11,11,1967,25,21
11,8,1967,2,2
11,10,1967,127,1
11,18,1967,36,1
11,20,1967,82,70
11,12,1967,5,5
11,4,1967,3,3
11,14,1967,26,26
12,15,1967,8,7
12,17,1967,3,2
12,15,1967,6,2
12,16,1967,2,2
12,13,1967,31,4
12,8,1967,51,44
12,12,1967,6,6
1,10,1968,4,3
1,16,1968,5,2
1,17,1968,42,42
1,14,1968,19,19
1,7,1968,4,4
2,15,1968,98,98
2,21,1968,63,21
2,19,1968,3,3
3,20,1968,63,63
3,8,1968,49,49
3,19,1968,14,14
3,23,1968,20,19
3,19,1968,2,2
3,13,1968,5,3
3,10,1968,61,61
3,17,1968,51,2
3,10,1968,2,2
4,15,1968,127,5
4,15,1968,4,4
4,10,1968,26,26
4,18,1968,128,123
4,23,1968,5,5
5,15,1968,85,85
5,12,1968,11,11
5,16,1968,155,155
5,21,1968,4,4
5,16,1968,23,23
6,13,1968,4,3
6,0,1968,63,6
6,16,1968,6,6
6,7,1968,29,29
6,12,1968,27,1
8,8,1968,3,3
8,14,1968,95,13
8,8,1968,15,3
8,13,1968,48,48
8,7,1968,37,35
8,9,1968,21,21
8,9,1968,40,40
8,1,1968,7,4
8,7,1968,2,0
9,21,1968,89,47
9,14,1968,9,2
9,10,1968,95,95
10,11,1968,3,3
10,16,1968,25,25
10,3,1968,4,4
10,18,1968,3,2
10,6,1968,23,23
10,17,1968,42,32
11,9,1968,8,7
11,1,1968,107,0
11,19,1968,9,9
11,13,1968,5,2
12,9,1968,39,39
12,18,1968,11,3
12,10,1968,3,3
12,22,1968,51,51
12,20,1968,47,20
12,4,1968,4,2
12,20,1968,45,27
12,8,1968,26,26
1,20,1969,24,24
1,12,1969,2,2
1,2,1969,65,50
1,20,1969,28,11
1,19,1969,45,15
1,18,1969,38,38
2,6,1969,10,10
2,11,1969,14,13
2,5,1969,35,35
3,17,1969,19,19
3,15,1969,5,1
3,12,1969,84,84
3,11,1969,3,3
3,2,1969,105,100
3,6,1969,27,16
4,12,1969,2,2
4,12,1969,78,24
4,13,1969,31,31
4,13,1969,9,9
4,14,1969,44,44
4,16,1969,18,18
5,13,1969,74,30
5,12,1969,2,2
5,9,1969,36,1
6,8,1969,79,79
6,7,1969,3,3
6,15,1969,2,2
7,20,1969,14,14
7,15,1969,2,2
7,6,1969,14,3
7,13,1969,4,4
7,17,1969,13,1
7,12,1969,5,5
7,15,1969,3,3
8,14,1969,3,3
8,17,1969,13,13
8,20,1969,3,3
9,11,1969,35,35
9,5,1969,16,4
9,14,1969,28,28
9,14,1969,83,83
9,20,1969,21,20
9,17,1969,15,4
9,16,1969,76,74
10,7,1969,26,26
10,17,1969,5,5
11,15,1969,2,2
11,20,1969,14,14
11,8,1969,87,87
12,20,1969,90,90
12,8,1969,3,3
12,10,1969,1,0
1,0,1970,4,2
1,22,1970,10,5
1,12,1970,27,23
1,6,1970,32,32
1,3,1970,2,2
1,7,1970,9,9
2,18,1970,5,5
2,18,1970,102,102
2,19,1970,4,4
2,13,1970,47,47
3,11,1970,31,23
3,16,1970,11,3
3,19,1970,6,6
4,8,1970,82,61
4,0,1970,3,3
5,15,1970,63,23
5,21,1970,6,6
5,9,1970,33,1
6,3,1970,13,13
7,14,1970,27,5
7,19,1970,112,112
7,8,1970,109,109
7,17,1970,23,23
7,10,1970,7,7
7,11,1970,4,4
8,2,1970,30,30
8,15,1970,100,99
8,3,1970,31,14
9,16,1970,11,11
9,8,1970,4,4
10,12,1970,40,30
10,14,1970,43,43
10,15,1970,2,2
10,21,1970,3,3
10,16,1970,2,2
11,19,1970,75,75
11,9,1970,18,18
11,17,1970,229,47
11,13,1970,79,79
11,14,1970,44,42
12,14,1970,55,2
1,16,1971,21,2
1,15,1971,47,45
1,7,1971,35,35
2,16,1971,3,3
3,6,1971,5,5
4,7,1971,40,39
4,9,1971,2,2
4,17,1971,8,8
4,17,1971,4,4
5,13,1971,12,12
5,19,1971,4,2
5,20,1971,83,78
5,15,1971,11,11
5,11,1971,6,6
6,17,1971,51,50
6,8,1971,31,28
6,13,1971,24,24
6,14,1971,6,6
6,18,1971,24,17
7,18,1971,68,68
7,22,1971,3,3
7,14,1971,164,163
7,14,1971,218,0
7,15,1971,39,37
8,14,1971,2,2
8,9,1971,37,37
8,20,1971,8,3
9,11,1971,111,111
9,0,1971,5,5
10,11,1971,63,63
10,9,1971,10,10
10,13,1971,6,6
10,11,1971,16,16
10,22,1971,8,4
11,5,1971,52,52
11,13,1971,34,34
12,13,1971,29,2
12,7,1971,31,21
12,12,1971,92,91
1,22,1972,104,104
1,1,1972,3,3
1,10,1972,39,39
1,16,1972,28,27
2,19,1972,2,2
2,13,1972,23,23
2,2,1972,2,2
2,10,1972,4,4
2,7,1972,8,8
3,20,1972,48,16
3,22,1972,112,112
4,21,1972,25,25
4,22,1972,18,18
4,17,1972,3,3
4,9,1972,107,43
4,12,1972,10,4
5,22,1972,115,115
5,10,1972,34,34
5,12,1972,9,9
5,6,1972,11,11
5,6,1972,4,4
6,11,1972,2,2
6,9,1972,2,2
6,20,1972,87,82
6,14,1972,81,81
6,16,1972,118,118
6,1,1972,5,5
6,23,1972,15,12
6,23,1972,20,5
6,13,1972,3,3
6,9,1972,13,13
6,7,1972,5,2
7,16,1972,19,19
8,4,1972,44,30
8,17,1972,156,156
8,14,1972,29,25
9,17,1972,8,1
9,10,1972,11,11
9,12,1972,31,31
10,18,1972,109,109
10,18,1972,2,2
10,21,1972,174,174
10,15,1972,45,29
10,9,1972,4,4
10,c:09:00,1972,53,37
10,19,1972,68,60
10,18,1972,22,22
11,23,1972,11,11
11,19,1972,76,62
11,20,1972,2,2
12,6,1972,155,155
12,15,1972,6,6
12,14,1972,61,43
12,11,1972,2,2
12,18,1972,133,10
12,23,1972,176,103
12,19,1972,5,5
1,8,1973,5,5
1,14,1973,4,4
1,1,1973,44,44
1,9,1973,202,176
1,13,1973,4,3
1,12,1973,2,2
2,19,1973,4,4
2,10,1973,100,66
2,9,1973,5,5
2,14,1973,113,110
2,19,1973,2,2
2,23,1973,18,18
3,12,1973,25,25
3,13,1973,182,68
3,14,1973,5,5
4,10,1973,145,108
4,15,1973,17,16
4,14,1973,16,15
4,17,1973,6,6
5,18,1973,4,4
5,10,1973,5,2
5,21,1973,65,48
7,14,1973,134,123
7,22,1973,79,78
7,16,1973,44,38
7,7,1973,5,5
7,10,1973,89,89
8,20,1973,5,5
8,11,1973,85,85
8,14,1973,10,10
8,12,1973,42,42
8,20,1973,149,1
8,21,1973,25,24
9,22,1973,5,4
9,4,1973,6,6
9,15,1973,4,4
9,22,1973,6,6
9,2,1973,2,2
9,6,1973,3,3
9,19,1973,11,11
9,20,1973,108,108
10,20,1973,119,119
10,6,1973,7,2
11,16,1973,128,1
11,9,1973,3,3
12,22,1973,8,8
12,13,1973,177,30
12,19,1973,2,2
12,22,1973,106,106
1,12,1974,42,38
1,18,1974,17,12
1,16,1974,31,31
1,18,1974,14,14
1,6,1974,2,2
1,7,1974,73,66
1,13,1974,3,3
1,7,1974,4,4
1,23,1974,101,96
2,21,1974,298,1
2,17,1974,40,35
2,19,1974,2,2
3,11,1974,346,346
3,21,1974,4,4
3,19,1974,36,36
3,8,1974,96,15
4,2,1974,84,78
4,9,1974,11,11
4,15,1974,107,107
4,13,1974,12,6
5,19,1974,24,22
5,22,1974,3,3
5,16,1974,3,3
6,17,1974,44,44
6,13,1974,5,5
7,9,1974,3,3
8,14,1974,27,27
8,18,1974,4,4
9,9,1974,88,88
9,7,1974,82,70
9,11,1974,75,75
9,3,1974,5,5
9,9,1974,2,2
10,21,1974,6,6
10,19,1974,2,2
10,8,1974,8,5
10,1,1974,8,1
10,18,1974,2,2
10,19,1974,4,2
10,6,1974,3,2
10,23,1974,4,4
10,16,1974,2,2
10,2,1974,34,32
11,13,1974,4,4
11,7,1974,157,59
12,11,1974,92,92
12,19,1974,3,3
12,22,1974,191,191
12,12,1974,77,77
12,18,1974,6,4
1,10,1975,4,3
1,8,1975,21,21
1,16,1975,14,14
1,17,1975,5,5
2,8,1975,16,5
2,23,1975,33,32
2,19,1975,3,3
2,22,1975,5,5
3,16,1975,4,2
3,18,1975,26,26
3,13,1975,55,55
3,23,1975,16,16
4,16,1975,330,155
4,13,1975,3,3
4,23,1975,4,2
5,17,1975,6,6
5,21,1975,23,23
6,16,1975,124,113
6,22,1975,2,2
6,19,1975,3,3
7,23,1975,4,4
7,20,1975,6,6
8,4,1975,188,188
8,19,1975,20,20
8,16,1975,131,0
8,1,1975,128,126
8,20,1975,4,2
8,13,1975,32,10
10,19,1975,11,11
10,11,1975,2,2
10,6,1975,67,67
10,9,1975,120,75
11,13,1975,9,9
11,19,1975,4,4
11,18,1975,20,20
11,9,1975,2,2
12,14,1975,9,9
1,5,1976,82,82
1,17,1976,6,6
1,20,1976,4,4
1,14,1976,3,3
1,15,1976,10,7
1,7,1976,42,34
2,5,1976,2,2
2,10,1976,6,3
2,16,1976,11,5
3,1,1976,120,120
3,11,1976,4,4
3,2,1976,2,2
4,8,1976,50,1
4,7,1976,7,7
4,14,1976,2,2
4,14,1976,6,6
4,8,1976,12,12
4,15,1976,88,37
4,11,1976,5,5
5,16,1976,17,17
5,8,1976,6,6
6,14,1976,45,45
6,10,1976,2,2
7,9,1976,5,5
7,22,1976,3,2
8,15,1976,4,3
8,7,1976,3,3
8,12,1976,27,23
8,12,1976,18,18
9,17,1976,4,3
9,21,1976,68,68
9,14,1976,90,90
9,10,1976,176,176
9,23,1976,154,154
9,19,1976,4,4
10,13,1976,73,73
10,13,1976,4,4
10,1,1976,95,95
10,19,1976,4,4
10,7,1976,32,32
11,17,1976,5,5
11,9,1976,50,50
11,19,1976,72,72
11,14,1976,2,2
12,23,1976,10,3
12,3,1976,53,53
1,17,1977,4,4
1,18,1977,96,96
1,6,1977,5,5
3,15,1977,44,44
3,10,1977,5,5
3,3,1977,4,2
3,17,1977,644,583
4,16,1977,85,62
5,20,1977,54,54
5,8,1977,9,9
5,9,1977,6,6
5,17,1977,25,4
5,15,1977,3,3
6,22,1977,16,16
7,23,1977,3,3
7,12,1977,30,30
7,17,1977,5,5
7,18,1977,4,1
7,19,1977,82,38
7,8,1977,40,25
7,9,1977,5,5
8,12,1977,2,2
8,22,1977,4,4
8,5,1977,2,2
9,0,1977,4,4
9,9,1977,3,3
9,14,1977,13,13
9,0,1977,4,4
9,23,1977,20,20
9,16,1977,53,29
9,7,1977,6,6
10,14,1977,7,7
10,19,1977,2,2
10,18,1977,26,6
10,10,1977,37,24
11,21,1977,164,131
11,4,1977,5,5
11,10,1977,79,46
11,2,1977,34,34
11,19,1977,2,2
12,20,1977,100,100
12,12,1977,19,17
12,11,1977,13,13
12,19,1977,29,29
12,14,1977,2,2
12,1,1977,3,3
12,7,1977,10,5
12,12,1977,2,2
1,20,1978,213,213
1,18,1978,2,2
1,20,1978,2,2
1,13,1978,14,14
2,16,1978,17,17
2,11,1978,44,44
2,12,1978,49,42
2,4,1978,4,4
2,13,1978,3,3
2,10,1978,7,7
3,9,1978,200,2
3,16,1978,6,2
3,12,1978,18,18
3,20,1978,2,2
3,4,1978,2,2
3,20,1978,6,6
3,6,1978,48,48
3,9,1978,4,4
4,23,1978,6,3
4,16,1978,9,2
4,21,1978,9,9
5,21,1978,58,3
6,8,1978,107,2
8,23,1978,6,6
8,7,1978,10,10
9,10,1978,11,4
9,17,1978,56,38
9,18,1978,6,6
9,14,1978,3,3
9,11,1978,6,6
9,14,1978,28,21
9,9,1978,137,137
9,18,1978,6,6
10,9,1978,7,2
10,10,1978,4,4
11,2,1978,2,2
11,23,1978,262,183
11,3,1978,2,2
11,11,1978,77,77
11,15,1978,5,5
11,9,1978,3,3
12,19,1978,22,2
12,16,1978,2,2
12,14,1978,7,2
12,0,1978,129,108
12,18,1978,189,10
1,11,1979,5,5
1,19,1979,6,4
1,19,1979,23,14
2,13,1979,25,2
2,17,1979,59,59
2,14,1979,4,2
2,14,1979,3,3
3,15,1979,8,8
3,10,1979,4,4
3,18,1979,4,4
3,17,1979,7,3
3,9,1979,12,12
3,19,1979,106,86
3,0,1979,5,4
3,11,1979,7,2
4,9,1979,3,3
4,18,1979,18,3
5,15,1979,271,271
5,20,1979,3,3
5,20,1979,18,17
6,11,1979,27,27
6,14,1979,2,2
6,22,1979,10,1
7,19,1979,61,61
7,9,1979,7,7
7,19,1979,3,3
7,9,1979,21,8
8,9,1979,6,6
8,16,1979,3,3
8,13,1979,178,178
8,23,1979,9,9
9,20,1979,12,12
9,0,1979,31,31
10,12,1979,3,3
10,10,1979,8,8
10,16,1979,4,4
10,19,1979,2,2
10,23,1979,10,10
10,5,1979,88,72
11,11,1979,7,5
11,20,1979,3,3
11,12,1979,78,0
11,18,1979,5,3
11,4,1979,3,3
11,2,1979,156,156
11,12,1979,257,257
12,14,1979,29,29
1,1,1980,2,2
1,14,1980,9,7
1,19,1980,128,128
1,6,1980,44,43
2,8,1980,7,6
2,6,1980,135,2
3,11,1980,87,87
3,15,1980,18,18
3,19,1980,10,7
4,20,1980,58,55
4,13,1980,146,146
4,6,1980,53,44
5,12,1980,2,2
5,12,1980,11,11
6,15,1980,29,29
6,15,1980,15,13
6,11,1980,2,2
6,20,1980,81,81
7,0,1980,166,166
7,17,1980,8,8
7,7,1980,3,3
8,16,1980,9,2
8,17,1980,13,13
8,3,1980,168,1
8,21,1980,4,4
8,19,1980,301,301
9,20,1980,34,34
9,0,1980,89,89
10,9,1980,3,3
11,23,1980,13,13
11,21,1980,2,2
12,16,1980,4,4
12,19,1980,4,4
12,14,1980,70,70
12,23,1980,291,2
1,11,1981,9,7
1,22,1981,3,2
2,21,1981,4,4
2,18,1981,8,8
2,18,1981,8,2
2,17,1981,3,2
2,5,1981,24,23
3,8,1981,2,2
3,5,1981,18,18
3,16,1981,4,4
4,11,1981,2,1
4,16,1981,19,15
4,7,1981,17,15
5,10,1981,21,21
5,10,1981,31,31
5,15,1981,27,27
5,16,1981,3,2
6,18,1981,5,5
7,15,1981,4,4
7,12,1981,4,4
8,19,1981,6,6
8,10,1981,110,110
8,20,1981,34,3
9,12,1981,0,0
9,19,1981,60,60
10,15,1981,3,3
10,17,1981,17,17
10,18,1981,5,5
11,21,1981,4,4
11,19,1981,167,99
12,8,1981,180,180
12,19,1981,12,11
12,16,1981,4,4
12,13,1981,4,2
12,13,1981,13,13
12,20,1981,6,4
1,16,1982,79,74
1,19,1982,212,2
2,7,1982,35,35
2,15,1982,53,53
2,8,1982,174,24
2,15,1982,12,1
3,13,1982,15,15
3,10,1982,3,3
3,21,1982,27,27
4,17,1982,3,3
4,14,1982,27,27
4,16,1982,112,112
4,21,1982,2,2
5,19,1982,30,21
6,14,1982,53,53
6,2,1982,137,137
6,20,1982,257,0
6,10,1982,132,132
7,0,1982,90,90
7,16,1982,145,145
7,20,1982,4,4
7,2,1982,1,0
7,16,1982,4,4
8,4,1982,2,2
8,9,1982,20,20
8,14,1982,9,9
9,12,1982,46,46
9,12,1982,394,50
9,9,1982,5,4
9,11,1982,6,4
11,22,1982,2,2
12,22,1982,5,3
12,19,1982,2,2
12,13,1982,46,46
12,c14:30,1982,88,84
12,13,1982,8,8
12,18,1982,2,2
1,2,1983,3,3
2,23,1983,2,2
3,7,1983,50,23
3,2,1983,4,4
3,5,1983,2,2
4,14,1983,3,2
4,18,1983,21,21
4,7,1983,14,14
4,17,1983,14,11
4,15,1983,100,8
5,9,1983,172,0
5,10,1983,30,30
6,19,1983,46,23
6,13,1983,9,7
6,12,1983,47,47
6,10,1983,5,2
7,7,1983,119,119
7,19,1983,69,0
8,17,1983,2,2
8,12,1983,10,10
8,23,1983,90,90
9,18,1983,269,269
9,9,1983,106,11
9,15,1983,112,112
9,19,1983,2,2
10,12,1983,4,4
10,20,1983,10,10
10,13,1983,30,1
11,15,1983,130,130
11,15,1983,8,8
11,10,1983,192,181
12,9,1983,135,93
12,21,1983,4,4
12,15,1983,3,3
12,13,1983,12,2
1,22,1984,2,1
1,6,1984,3,3
2,16,1984,177,0
2,19,1984,18,18
3,7,1984,6,4
3,4,1984,29,29
3,8,1984,6,6
5,1,1984,4,4
6,2,1984,3,3
7,11,1984,9,9
7,9,1984,4,4
7,13,1984,14,1
7,7,1984,5,5
8,8,1984,9,9
8,1,1984,3,3
8,11,1984,17,17
9,21,1984,6,1
9,11,1984,4,4
9,11,1984,2,2
10,8,1984,3,3
10,5,1984,179,174
10,17,1984,4,4
12,18,1984,13,13
12,19,1984,2,2
12,23,1984,4,4
12,14,1984,21,21
12,18,1984,110,110
1,20,1985,29,29
1,7,1985,3,3
1,8,1985,38,38
1,23,1985,3,3
1,1,1985,71,70
1,9,1985,21,21
1,10,1985,17,17
1,10,1985,23,23
2,20,1985,5,4
2,19,1985,9,9
2,0,1985,2,2
2,12,1985,4,4
2,10,1985,274,0
2,9,1985,148,148
3,9,1985,46,46
4,19,1985,4,4
4,23,1985,11,11
4,11,1985,89,0
4,0,1985,6,6
5,12,1985,76,76
5,12,1985,17,17
5,13,1985,5,2
5,20,1985,2,2
5,23,1985,2,2
6,7,1985,329,329
7,23,1985,200,200
7,3,1985,2,2
7,17,1985,80,80
8,18,1985,163,134
8,18,1985,524,520
8,2,1985,3,3
8,6,1985,137,55
8,22,1985,8,8
9,11,1985,52,52
9,15,1985,31,31
9,10,1985,14,14
9,12,1985,17,17
10,19,1985,2,2
10,1,1985,2,2
10,10,1985,14,14
10,21,1985,1,1
10,20,1985,4,4
11,9,1985,4,2
11,20,1985,103,60
12,6,1985,256,256
12,17,1985,9,7
1,8,1986,87,87
1,4,1986,3,3
1,7,1986,72,1
3,3,1986,38,38
3,22,1986,9,3
3,9,1986,5,4
3,10,1986,54,49
3,9,1986,167,167
4,8,1986,13,13
5,6,1986,37,37
5,23,1986,5,2
5,8,1986,19,19
6,15,1986,16,1
6,9,1986,25,25
6,21,1986,59,1
7,10,1986,94,54
7,17,1986,6,3
8,0,1986,13,13
8,11,1986,59,59
8,10,1986,60,60
8,10,1986,6,6
8,23,1986,7,7
8,6,1986,2,2
8,11,1986,67,67
9,15,1986,6,6
9,6,1986,384,16
9,3,1986,1,1
9,14,1986,5,5
10,4,1986,3,3
10,15,1986,4,2
10,19,1986,44,34
10,15,1986,92,70
10,16,1986,2,2
10,20,1986,54,13
10,17,1986,23,21
11,19,1986,103,103
12,13,1986,14,11
1,16,1987,22,22
1,13,1987,54,54
1,12,1987,10,10
1,8,1987,9,9
1,6,1987,1,1
2,11,1987,36,36
3,14,1987,22,9
3,19,1987,9,9
3,13,1987,2,2
3,20,1987,3,3
3,11,1987,40,40
4,21,1987,2,2
4,17,1987,10,10
4,14,1987,45,27
4,21,1987,4,4
4,19,1987,2,2
5,6,1987,6,2
5,11,1987,183,183
5,18,1987,2,2
5,7,1987,3,2
6,10,1987,46,46
6,11,1987,50,50
7,17,1987,12,5
8,20,1987,155,154
8,15,1987,83,83
9,9,1987,5,5
9,21,1987,3,3
10,18,1987,37,37
11,22,1987,4,4
11,8,1987,10,10
11,17,1987,4,2
11,14,1987,82,28
11,18,1987,21,18
11,4,1987,159,159
11,11,1987,115,115
12,16,1987,43,43
12,21,1987,29,29
12,15,1987,16,16
12,20,1987,3,2
12,6,1987,8,6
12,18,1987,8,8
1,19,1988,16,16
1,5,1988,2,2
1,22,1988,108,108
1,4,1988,143,11
1,19,1988,17,9
1,16,1988,31,27
2,20,1988,3,3
2,7,1988,21,21
2,21,1988,12,12
2,6,1988,51,20
2,10,1988,15,15
3,17,1988,17,17
3,6,1988,23,23
3,21,1988,17,17
3,13,1988,143,143
3,4,1988,4,4
4,15,1988,29,29
4,20,1988,24,24
4,10,1988,17,17
4,13,1988,95,1
5,9,1988,3,3
5,12,1988,45,0
5,22,1988,2,2
6,9,1988,22,22
6,14,1988,136,3
7,10,1988,290,290
7,19,1988,3,3
7,7,1988,2,1
7,15,1988,3,3
8,17,1988,3,3
8,16,1988,30,30
8,23,1988,4,4
8,16,1988,3,3
8,9,1988,89,7
8,9,1988,108,14
9,13,1988,10,1
9,11,1988,90,76
9,14,1988,7,7
9,13,1988,104,35
9,10,1988,2,2
9,20,1988,34,34
10,23,1988,6,6
10,14,1988,17,6
10,10,1988,5,5
10,0,1988,52,33
10,7,1988,129,124
10,8,1988,34,34
10,10,1988,69,12
11,20,1988,4,4
11,7,1988,12,6
11,6,1988,4,4
11,7,1988,14,14
12,19,1988,14,6
12,20,1988,25,25
12,21,1988,8,8
12,19,1988,259,259
1,20,1989,126,47
1,4,1989,2,2
1,12,1989,19,19
2,7,1989,29,26
2,18,1989,3,3
2,14,1989,144,144
2,6,1989,4,4
2,12,1989,10,10
2,2,1989,356,9
2,6,1989,2,2
3,12,1989,69,24
3,7,1989,2,2
3,2,1989,2,2
3,7,1989,34,19
3,11,1989,3,3
4,21,1989,22,22
5,1,1989,2,1
5,9,1989,16,16
6,4,1989,187,176
6,13,1989,11,11
6,10,1989,22,6
6,8,1989,113,20
6,13,1989,39,6
6,17,1989,62,62
6,21,1989,47,3
6,9,1989,30,30
6,0,1989,2,2
7,16,1989,298,112
7,7,1989,5,2
7,11,1989,10,10
7,15,1989,98,1
7,7,1989,199,75
7,22,1989,3,3
8,13,1989,34,34
8,12,1989,16,16
8,10,1989,10,10
8,21,1989,2,2
8,12,1989,3,3
8,7,1989,54,54
8,0,1989,5,5
9,20,1989,54,13
9,19,1989,126,126
9,16,1989,55,55
9,21,1989,6,6
9,14,1989,171,171
9,23,1989,63,2
9,20,1989,11,11
9,8,1989,7,7
9,9,1989,21,10
10,22,1989,5,5
10,13,1989,5,5
10,2,1989,25,25
10,7,1989,146,127
10,18,1989,54,54
10,18,1989,20,20
11,17,1989,42,34
11,7,1989,52,1
11,7,1989,107,107
11,20,1989,7,3
11,18,1989,8,8
12,9,1989,5,5
12,14,1989,28,24
12,22,1989,6,6
1,13,1990,16,9
1,12,1990,71,27
1,8,1990,23,23
1,7,1990,1,1
1,17,1990,2,2
1,7,1990,25,25
1,21,1990,158,73
1,17,1990,28,28
1,21,1990,2,2
1,20,1990,1,1
2,8,1990,15,15
2,9,1990,40,2
2,13,1990,146,92
2,19,1990,29,29
2,19,1990,1,1
3,11,1990,3,2
3,11,1990,11,11
4,15,1990,4,2
4,14,1990,5,5
4,6,1990,24,7
4,21,1990,4,1
5,15,1990,3,3
5,8,1990,40,20
5,6,1990,21,21
6,19,1990,2,2
6,5,1990,42,23
6,7,1990,85,0
6,14,1990,5,5
7,12,1990,5,5
8,11,1990,47,47
8,1,1990,5,5
8,0,1990,17,13
9,15,1990,10,3
9,15,1990,18,18
9,7,1990,4,4
10,9,1990,226,128
10,20,1990,97,1
10,15,1990,4,4
10,1,1990,31,11
11,19,1990,46,46
11,11,1990,38,38
12,13,1990,198,8
12,12,1990,1,1
1,18,1991,22,21
1,13,1991,21,1
2,18,1991,99,34
2,8,1991,4,4
2,17,1991,3,3
2,0,1991,2,2
2,15,1991,72,20
3,9,1991,25,25
3,16,1991,45,45
3,8,1991,7,6
3,1,1991,10,10
3,2,1991,27,27
3,11,1991,63,34
3,8,1991,28,28
4,15,1991,8,8
4,13,1991,7,6
4,12,1991,5,5
4,14,1991,23,23
4,11,1991,22,11
5,13,1991,7,7
5,13,1991,181,13
5,23,1991,223,223
6,10,1991,3,2
6,15,1991,7,7
6,3,1991,18,2
6,21,1991,53,4
7,9,1991,3,3
7,18,1991,15,13
7,8,1991,261,261
7,21,1991,3,3
7,9,1991,5,5
8,19,1991,6,6
8,1,1991,69,69
8,13,1991,4,4
8,23,1991,3,3
9,10,1991,14,14
9,21,1991,2,2
10,15,1991,135,134
10,21,1991,3,3
10,14,1991,18,5
11,18,1991,15,15
11,6,1991,1,1
11,18,1991,3,3
11,15,1991,3,1
11,5,1991,41,41
12,16,1991,5,5
12,9,1991,9,9
12,11,1991,30,27
12,8,1991,129,0
12,15,1991,5,5
1,5,1992,4,2
1,15,1992,5,2
1,19,1992,96,87
1,16,1992,47,47
2,11,1992,12,12
2,9,1992,5,5
2,5,1992,56,30
2,3,1992,4,3
3,16,1992,5,5
3,0,1992,2,2
3,21,1992,51,27
3,7,1992,7,7
4,0,1992,4,4
4,15,1992,9,9
4,11,1992,22,16
6,14,1992,5,5
6,8,1992,6,3
6,12,1992,2,2
6,18,1992,6,6
6,14,1992,10,10
6,6,1992,3,3
6,12,1992,12,10
6,11,1992,4,4
7,17,1992,19,19
7,12,1992,1,1
7,16,1992,70,70
7,16,1992,4,4
7,8,1992,4,4
7,17,1992,292,0
7,12,1992,113,113
7,15,1992,126,108
8,5,1992,3,3
8,22,1992,84,84
8,10,1992,3,3
8,22,1992,17,3
9,12,1992,12,12
9,11,1992,7,7
9,18,1992,158,158
9,14,1992,167,167
10,17,1992,4,4
10,9,1992,6,6
10,8,1992,3,3
11,18,1992,3,3
11,7,1992,31,30
11,15,1992,3,3
11,7,1992,141,141
11,21,1992,13,13
12,7,1992,340,56
12,10,1992,157,157
1,15,1993,4,4
1,19,1993,23,4
1,8,1993,2,2
2,14,1993,133,133
3,11,1993,97,83
3,22,1993,4,4
3,20,1993,10,3
3,13,1993,6,6
3,12,1993,5,0
4,21,1993,4,4
4,16,1993,4,3
4,1,1993,264,2
4,15,1993,8,8
4,13,1993,118,56
4,23,1993,30,30
4,23,1993,2,2
5,15,1993,132,132
6,21,1993,40,40
7,14,1993,2,1
7,15,1993,113,55
7,15,1993,110,68
7,13,1993,19,19
8,15,1993,4,4
8,16,1993,3,0
8,10,1993,86,82
9,15,1993,70,2
9,18,1993,132,106
10,13,1993,80,2
10,19,1993,20,7
11,8,1993,5,5
11,18,1993,7,7
11,14,1993,102,12
11,19,1993,17,17
11,23,1993,116,116
12,19,1993,18,18
12,9,1993,18,18
12,14,1993,29,29
12,17,1993,5,5
1,12,1994,124,124
1,18,1994,10,10
1,23,1994,8,5
2,11,1994,13,13
2,19,1994,2,1
3,17,1994,116,0
3,14,1994,4,4
3,22,1994,32,32
3,1,1994,2,2
3,11,1994,2,2
3,0,1994,75,75
3,14,1994,7,0
4,16,1994,5,5
4,14,1994,24,3
4,9,1994,26,26
4,20,1994,271,264
4,22,1994,9,8
4,14,1994,9,8
5,10,1994,11,4
5,7,1994,29,7
6,18,1994,29,29
6,8,1994,160,160
6,18,1994,9,9
6,6,1994,12,12
6,12,1994,12,12
6,20,1994,10,9
6,19,1994,17,17
6,17,1994,7,7
7,8,1994,93,80
7,18,1994,57,37
7,12,1994,3,3
7,15,1994,7,3
7,21,1994,6,6
8,8,1994,47,47
8,13,1994,7,6
8,11,1994,160,0
8,17,1994,3,3
8,21,1994,3,3
8,9,1994,4,3
9,19,1994,132,132
9,12,1994,5,3
9,11,1994,4,3
9,8,1994,39,5
9,19,1994,12,6
9,17,1994,28,28
9,11,1994,20,8
10,15,1994,10,10
10,22,1994,66,66
10,22,1994,21,21
10,21,1994,23,23
10,15,1994,68,68
11,2,1994,1,1
11,11,1994,7,7
11,22,1994,142,2
12,11,1994,293,1
12,19,1994,5,5
12,18,1994,20,15
12,6,1994,2,2
12,10,1994,9,7
12,13,1994,28,28
12,9,1994,5,5
12,17,1994,239,3
12,15,1994,76,57
1,20,1995,12,12
1,19,1995,52,51
1,18,1995,1,1
1,1,1995,5,5
1,17,1995,1,1
1,4,1995,4,3
1,19,1995,4,2
1,13,1995,24,2
1,19,1995,19,3
1,19,1995,4,4
2,15,1995,10,8
2,20,1995,3,3
3,8,1995,1,1
3,12,1995,6,6
3,9,1995,60,60
4,18,1995,8,8
4,12,1995,9,1
4,19,1995,3,3
5,13,1995,8,8
5,0,1995,7,7
5,16,1995,9,9
5,16,1995,12,12
5,15,1995,11,2
6,19,1995,62,0
6,9,1995,21,5
6,14,1995,14,13
6,16,1995,80,16
6,9,1995,2,2
6,20,1995,4,4
7,14,1995,6,6
7,8,1995,15,15
8,20,1995,65,65
8,12,1995,29,10
9,12,1995,1,1
9,8,1995,8,8
9,7,1995,22,21
9,7,1995,81,81
9,20,1995,9,5
9,12,1995,53,34
9,6,1995,3,2
9,12,1995,43,42
9,7,1995,24,24
9,19,1995,10,8
10,8,1995,14,1
10,7,1995,3,3
10,20,1995,11,9
11,21,1995,53,53
11,8,1995,137,9
11,19,1995,63,63
11,10,1995,10,10
11,19,1995,6,2
12,22,1995,78,72
12,17,1995,82,54
12,5,1995,98,98
12,18,1995,20,20
12,19,1995,49,49
12,21,1995,164,160
1,12,1996,6,2
1,20,1996,14,14
1,12,1996,39,39
1,16,1996,6,5
2,14,1996,4,4
2,9,1996,4,4
2,23,1996,189,189
2,20,1996,8,8
2,12,1996,15,11
2,19,1996,91,91
2,5,1996,8,8
2,20,1996,123,123
3,12,1996,5,5
4,14,1996,35,35
4,14,1996,20,20
4,8,1996,3,3
5,22,1996,53,53
5,14,1996,110,110
5,13,1996,10,1
5,23,1996,3,3
6,14,1996,7,7
6,19,1996,28,18
6,12,1996,275,3
6,17,1996,12,2
7,15,1996,142,2
7,16,1996,20,20
7,9,1996,9,9
7,18,1996,41,34
7,20,1996,230,230
7,16,1996,18,1
7,15,1996,4,4
8,13,1996,2,2
8,23,1996,9,9
8,19,1996,3,3
8,3,1996,12,12
8,10,1996,141,141
9,17,1996,5,3
9,16,1996,32,32
10,1,1996,70,70
10,10,1996,23,2
10,14,1996,3,3
10,12,1996,8,8
10,22,1996,4,4
10,20,1996,34,5
10,8,1996,95,95
11,8,1996,16,16
11,17,1996,143,143
11,9,1996,8,8
11,18,1996,349,349
11,17,1996,14,14
11,19,1996,11,10
11,15,1996,175,127
11,11,1996,1,1
11,11,1996,23,23
11,10,1996,15,14
12,15,1996,17,16
12,18,1996,2,2
12,22,1996,4,4
12,18,1996,6,6
12,15,1996,22,22
12,10,1996,2,2
1,18,1997,2,2
1,11,1997,5,3
1,15,1997,29,29
1,23,1997,2,1
2,14,1997,52,25
2,17,1997,37,37
2,19,1997,73,73
2,12,1997,52,1
2,3,1997,5,5
3,18,1997,88,88
3,10,1997,50,50
4,0,1997,2,2
4,20,1997,5,5
4,7,1997,53,15
4,18,1997,36,36
5,21,1997,74,35
6,7,1997,27,27
7,3,1997,2,2
7,9,1997,60,1
7,21,1997,44,44
7,17,1997,6,4
7,11,1997,50,30
7,10,1997,4,2
7,13,1997,2,2
7,10,1997,17,1
8,1,1997,254,229
8,12,1997,4,4
8,8,1997,16,16
8,13,1997,2,2
8,16,1997,5,5
8,19,1997,2,2
9,14,1997,66,65
9,19,1997,10,10
9,17,1997,33,33
9,13,1997,234,234
10,7,1997,9,9
10,3,1997,9,8
10,22,1997,74,74
10,17,1997,1,1
11,8,1997,8,8
12,14,1997,23,23
12,15,1997,17,4
12,17,1997,19,10
12,18,1997,86,85
12,13,1997,3,3
12,21,1997,70,70
12,16,1997,104,104
12,23,1997,393,1
12,7,1997,10,10
1,17,1998,1,1
1,22,1998,51,51
1,18,1998,2,2
1,11,1998,45,16
2,11,1998,104,104
2,15,1998,2,0
2,22,1998,7,7
2,12,1998,5,5
2,8,1998,57,27
2,20,1998,196,196
3,5,1998,1,1
3,8,1998,1,1
3,16,1998,6,6
3,19,1998,13,13
3,14,1998,45,45
3,19,1998,127,0
3,9,1998,55,22
4,16,1998,53,53
5,21,1998,88,75
5,19,1998,42,39
5,10,1998,26,26
5,0,1998,5,5
5,9,1998,28,28
6,7,1998,11,11
6,9,1998,6,6
7,23,1998,8,8
7,21,1998,3,3
7,4,1998,10,10
7,16,1998,24,5
7,11,1998,6,6
7,15,1998,15,15
8,17,1998,5,5
8,16,1998,10,5
8,11,1998,18,18
8,17,1998,11,11
8,8,1998,44,44
8,16,1998,2,1
8,13,1998,91,70
9,21,1998,229,229
9,10,1998,5,5
9,11,1998,3,3
9,9,1998,38,38
9,13,1998,22,1
9,13,1998,55,55
10,9,1998,27,1
10,13,1998,37,0
10,8,1998,3,3
11,13,1998,18,11
11,5,1998,13,13
11,17,1998,1,1
11,0,1998,2,2
12,12,1998,1,1
12,11,1998,10,7
12,19,1998,146,102
12,0,1998,5,5
12,12,1998,14,14
1,17,1999,2,2
1,6,1999,2,2
1,14,1999,4,3
1,16,1999,12,4
1,8,1999,28,28
2,5,1999,14,14
2,10,1999,11,11
2,10,1999,1,1
2,16,1999,61,61
2,12,1999,31,4
3,8,1999,19,19
3,16,1999,8,8
3,9,1999,2,1
4,0,1999,6,6
4,11,1999,5,5
4,11,1999,5,5
4,16,1999,3,3
5,19,1999,12,7
5,13,1999,5,5
5,14,1999,2,2
6,23,1999,145,11
6,10,1999,7,7
6,8,1999,17,17
6,13,1999,2,1
6,2,1999,2,2
7,14,1999,8,8
7,12,1999,18,5
7,19,1999,5,5
7,4,1999,4,4
7,21,1999,3,3
7,11,1999,16,16
7,11,1999,517,1
7,3,1999,7,7
7,5,1999,17,17
7,8,1999,10,10
8,12,1999,18,18
8,23,1999,4,1
8,18,1999,315,3
8,12,1999,96,1
8,10,1999,33,2
8,20,1999,103,64
9,10,1999,12,12
9,12,1999,11,8
9,10,1999,15,15
9,11,1999,5,3
9,21,1999,2,2
9,17,1999,10,10
10,19,1999,20,12
10,10,1999,3,3
10,11,1999,6,6
10,6,1999,217,217
10,9,1999,4,4
11,19,1999,18,18
11,11,1999,24,24
11,5,1999,4,4
12,5,1999,7,5
12,7,1999,9,9
12,13,1999,6,6
12,9,1999,17,17
12,12,1999,8,8
12,15,1999,6,6
12,9,1999,35,35
12,9,1999,314,16
12,18,1999,4,4
12,20,1999,22,22
12,15,1999,10,10
1,17,2000,10,10
1,12,2000,41,22
1,13,2000,20,5
1,18,2000,4,4
1,21,2000,179,169
1,16,2000,88,88
2,16,2000,6,6
2,19,2000,3,3
3,18,2000,142,0
3,8,2000,9,9
3,12,2000,2,2
3,9,2000,10,10
3,18,2000,8,6
4,8,2000,1,1
4,9,2000,3,3
4,7,2000,131,131
5,14,2000,5,2
5,20,2000,6,6
5,9,2000,10,3
5,11,2000,19,19
5,2,2000,2,1
5,19,2000,8,8
6,11,2000,52,7
6,9,2000,5,5
6,7,2000,4,4
6,15,2000,44,44
6,11,2000,3,3
7,10,2000,15,14
7,19,2000,19,19
7,8,2000,19,13
7,0,2000,3,1
7,7,2000,58,55
7,0,2000,2,2
7,13,2000,2,2
7,10,2000,7,7
7,16,2000,109,109
7,10,2000,25,25
8,8,2000,6,6
8,15,2000,14,14
8,8,2000,11,11
8,23,2000,2,2
8,8,2000,3,3
8,19,2000,143,143
8,17,2000,9,1
8,12,2000,10,10
9,15,2000,8,8
9,9,2000,14,14
9,15,2000,10,5
10,16,2000,88,0
10,15,2000,3,3
10,9,2000,1,1
10,14,2000,3,2
10,17,2000,3,3
10,12,2000,17,8
10,18,2000,86,86
10,23,2000,179,83
10,11,2000,44,44
11,1,2000,1,1
11,13,2000,57,57
11,12,2000,114,1
11,6,2000,2,1
12,14,2000,6,6
1,17,2001,9,9
1,21,2001,2,2
1,18,2001,24,24
1,17,2001,10,10
1,16,2001,6,3
2,19,2001,6,2
2,15,2001,3,3
2,17,2001,2,2
3,14,2001,5,1
3,9,2001,21,21
3,10,2001,17,16
3,16,2001,19,19
3,18,2001,3,3
3,19,2001,18,18
4,16,2001,1,1
4,15,2001,16,16
4,5,2001,10,10
5,13,2001,34,34
5,12,2001,5,5
5,7,2001,30,30
5,16,2001,7,7
6,14,2001,19,1
7,2,2001,145,145
7,11,2001,12,8
7,12,2001,13,13
7,8,2001,10,10
7,16,2001,6,6
8,4,2001,3,3
8,14,2001,7,6
8,18,2001,304,0
8,5,2001,2,2
8,18,2001,9,9
8,10,2001,47,4
9,8,2001,92,92
9,9,2001,64,64
9,10,2001,44,44
9,9,2001,65,65
9,16,2001,19,19
9,7,2001,13,9
10,13,2001,3,3
10,13,2001,78,78
10,8,2001,114,114
10,17,2001,7,3
10,10,2001,10,10
10,9,2001,10,10
10,23,2001,3,2
10,18,2001,6,3
10,15,2001,5,3
11,9,2001,260,260
11,21,2001,27,27
11,13,2001,2,2
11,18,2001,17,2
11,22,2001,33,24
11,1,2001,13,1
11,11,2001,8,3
12,12,2001,18,18
12,1,2001,2,2
12,18,2001,2,2
12,10,2001,16,16
12,22'08,2001,2,2
12,10,2001,9,8
1,18,2002,5,5
1,12,2002,5,5
1,7,2002,3,3
1,8,2002,17,5
1,16,2002,62,1
1,11,2002,26,26
1,c: 9:40,2002,6,6
1,11,2002,92,92
2,17,2002,2,2
2,7,2002,117,117
2,6,2002,10,1
2,20,2002,20,17
2,2,2002,10,10
3,13,2002,3,3
3,16,2002,17,17
3,2,2002,1,1
3,8,2002,4,4
4,7,2002,4,4
4,4,2002,2,2
4,11,2002,166,128
4,9,2002,6,6
4,9,2002,8,3
4,13,2002,6,6
4,6,2002,20,8
5,13,2002,77,74
5,15,2002,62,14
5,21,2002,112,112
5,19,2002,5,5
5,15,2002,225,225
6,6,2002,3,3
6,9,2002,8,1
6,21,2002,10,3
7,23,2002,71,71
7,12,2002,2,2
7,11,2002,27,25
7,11,2002,4,4
7,19,2002,11,11
7,14,2002,4,4
7,12,2002,2,0
7,15,2002,16,14
8,22,2002,10,10
8,12,2002,5,5
8,9,2002,18,18
8,11,2002,16,16
8,13,2002,5,1
8,18,2002,31,23
9,9,2002,2,2
9,13,2002,6,6
9,11,2002,4,3
10,9,2002,5,1
10,19,2002,1,1
10,10,2002,8,8
11,10,2002,22,20
11,10,2002,10,7
11,14,2002,2,2
11,6,2002,34,19
11,14,2002,20,1
12,11,2002,3,3
12,22,2002,1,1
12,1,2002,2,2
12,19,2002,44,44
12,1,2002,1,1
12,11,2002,16,3
12,15,2002,16,1
1,20,2003,80,75
1,8,2003,21,21
1,8,2003,46,46
1,16,2003,13,3
1,15,2003,6,6
2,19,2003,3,2
2,20,2003,7,3
2,17,2003,275,275
2,8,2003,17,17
3,14,2003,25,11
3,15,2003,103,102
3,12,2003,16,4
3,15,2003,3,3
5,4,2003,75,75
5,13,2003,4,4
6,15,2003,2,2
6,19,2003,10,8
6,9,2003,4,4
6,23,2003,24,1
6,13,2003,7,7
6,15,2003,3,3
6,19,2003,4,4
6,10,2003,4,4
7,19,2003,4,4
7,11,2003,5,5
7,4,2003,117,116
7,15,2003,10,2
7,12,2003,10,4
7,18,2003,14,14
7,8,2003,5,5
8,6,2003,2,2
8,9,2003,16,1
8,13,2003,20,20
8,14,2003,21,21
8,15,2003,2,2
9,20,2003,8,8
9,17,2003,2,1
9,20,2003,6,6
9,19,2003,7,7
9,18,2003,3,3
10,21,2003,2,2
10,16,2003,2,1
10,4,2003,5,5
10,8,2003,3,3
10,8,2003,1,1
11,9,2003,36,15
11,10,2003,7,2
11,10,2003,4,4
11,18,2003,22,17
11,8,2003,1,1
11,15,2003,24,20
12,12,2003,3,2
12,22,2003,3,3
12,9,2003,2,2
12,14,2003,161,140
1,4,2004,148,148
1,19,2004,37,37
1,16,2004,10,10
1,20,2004,5,1
2,8,2004,9,9
2,11,2004,46,43
2,5,2004,6,6
3,17,2004,4,4
3,9,2004,7,3
3,20,2004,4,4
3,4,2004,5,5
3,17,2004,6,6
3,2,2004,5,4
5,16,2004,7,7
5,11,2004,7,7
5,13,2004,7,3
5,15,2004,10,6
5,18,2004,33,33
5,10,2004,12,1
5,10,2004,7,7
5,7,2004,2,2
5,13,2004,3,3
6,9,2004,30,19
6,9,2004,24,24
7,13,2004,6,6
7,9,2004,2,2
7,7,2004,2,1
7,8,2004,11,6
7,10,2004,3,2
8,0,2004,2,1
8,23,2004,2,2
8,11,2004,3,3
8,16,2004,25,25
8,22,2004,46,46
8,22,2004,41,41
8,16,2004,3,1
9,6,2004,2,2
9,11,2004,17,17
9,18,2004,1,1
10,12,2004,4,4
10,3,2004,7,7
10,22,2004,2,2
10,7,2004,3,3
10,15,2004,2,2
10,7,2004,15,13
10,16,2004,10,10
10,0,2004,5,5
11,13,2004,21,3
11,8,2004,53,53
11,6,2004,3,3
11,11,2004,6,6
11,9,2004,6,3
11,18,2004,154,26
11,19,2004,2,2
12,10,2004,2,2
12,10,2004,6,6
12,5,2004,2,2
1,5,2005,20,20
1,13,2005,9,9
1,22,2005,1,1
1,1,2005,31,31
1,8,2005,2,2
1,16,2005,10,10
2,17,2005,104,104
2,8,2005,7,7
2,20,2005,2,2
2,9,2005,8,8
2,13,2005,13,2
2,7,2005,18,15
3,9,2005,2,2
3,0,2005,2,2
3,13,2005,52,28
3,23,2005,8,8
3,10,2005,14,8
3,20,2005,9,9
4,12,2005,18,18
4,22,2005,169,3
4,11,2005,13,13
5,22,2005,2,2
5,13,2005,11,10
5,11,2005,15,15
5,12,2005,10,10
5,13,2005,13,13
6,11,2005,42,7
7,10,2005,60,60
8,16,2005,309,0
8,15,2005,39,16
8,12,2005,14,14
8,12,2005,121,121
8,3,2005,160,160
8,15,2005,98,40
9,9,2005,117,99
9,7,2005,11,11
9,15,2005,14,14
9,14,2005,2,2
9,9,2005,4,4
9,14,2005,6,4
10,5,2005,1,1
10,20,2005,117,117
11,22,2005,8,8
12,14,2005,94,94
12,19,2005,103,0
12,14,2005,109,108
12,14,2005,20,20
12,22,2005,23,23
12,14,2005,2,2
1,11,2006,3,3
1,13,2006,6,6
1,9,2006,11,11
1,19,2006,43,42
2,16,2006,3,3
2,12,2006,1,1
3,16,2006,6,6
3,16,2006,6,6
3,14,2006,2,2
3,11,2006,14,5
3,17,2006,19,19
4,10,2006,17,14
4,4,2006,6,6
4,20,2006,5,4
4,11,2006,16,2
4,6,2006,3,3
5,2,2006,113,113
5,12,2006,3,1
5,18,2006,4,4
6,14,2006,5,2
6,16,2006,40,40
6,13,2006,2,2
6,18,2006,7,5
6,11,2006,9,9
6,19,2006,3,1
7,11,2006,6,5
7,15,2006,5,5
7,7,2006,203,128
7,12,2006,45,45
8,9,2006,1,1
8,20,2006,3,3
8,15,2006,170,170
8,6,2006,50,49
9,13,2006,148,29
9,16,2006,14,14
9,17,2006,15,12
9,10,2006,18,13
9,15,2006,161,154
10,7,2006,16,4
10,7,2006,15,15
10,11,2006,105,96
11,8,2006,12,12
11,21,2006,5,5
11,7,2006,38,38
12,2,2006,3,3
12,18,2006,2,2
12,3,2006,6,3
1,14,2007,102,102
1,12,2007,10,1
1,12,2007,35,34
1,23,2007,2,2
1,11,2007,2,2
1,11,2007,54,0
2,19,2007,6,1
2,4,2007,3,3
3,7,2007,140,22
3,15,2007,7,4
3,23,2007,5,1
3,11,2007,57,6
3,17,2007,11,11
4,14,2007,5,3
4,11,2007,18,18
5,9,2007,9,9
5,11,2007,3,3
5,17,2007,20,13
6,20,2007,22,21
6,16,2007,6,6
6,10,2007,22,22
6,13,2007,78,5
7,9,2007,3,3
7,14,2007,9,2
7,13,2007,5,1
7,18,2007,187,187
7,13,2007,9,1
7,14,2007,5,5
7,4,2007,9,9
8,22,2007,5,5
8,12,2007,20,20
8,23,2007,10,6
8,0,2007,2,2
8,16,2007,15,14
9,12,2007,8,8
9,15,2007,130,90
10,10,2007,22,21
10,22,2007,3,3
10,20,2007,10,10
10,15,2007,18,18
11,14,2007,2,2
11,8,2007,4,0
11,1,2007,57,57
12,17,2007,4,4
12,6,2007,2,2
12,17,2007,5,5
1,9,2008,18,18
1,13,2008,10,6
1,12,2008,11,11
1,5,2008,1,1
1,12,2008,152,0
1,8,2008,13,13
1,19,2008,20,20
1,9,2008,3,3
2,17,2008,46,46
2,16,2008,20,5
3,16,2008,10,10
3,8,2008,3,3
4,11,2008,19,19
4,23,2008,1,1
4,22,2008,8,8
4,14,2008,85,0
4,14,2008,13,13
4,9,2008,20,20
5,10,2008,24,24
5,16,2008,5,2
5,1,2008,1,1
5,9,2008,6,4
5,18,2008,9,9
5,14,2008,12,11
5,9,2008,136,3
6,14,2008,10,10
6,7,2008,4,4
6,20,2008,214,32
6,10,2008,1,1
6,15,2008,18,18
6,7,2008,8,7
6,15,2008,7,6
6,7,2008,4,4
7,2,2008,2,1
7,3,2008,8,0
7,10,2008,9,9
7,9,2008,8,8
8,7,2008,7,5
8,19,2008,13,9
8,11,2008,10,10
8,7,2008,3,3
8,14,2008,172,154
8,20,2008,90,68
8,9,2008,14,11
8,21,2008,3,3
9,16,2008,17,17
9,12,2008,3,3
9,20,2008,7,7
9,3,2008,88,88
9,23,2008,6,4
9,3,2008,5,4
10,7,2008,19,18
10,23,2008,4,4
11,18,2008,8,8
11,11,2008,5,4
11,11,2008,7,7
11,10,2008,8,7
11,17,2008,7,7
12,12,2008,3,3
12,6,2008,3,3
12,16,2008,12,12
1,15,2009,9,8
1,15,2009,155,0
2,14,2009,28,24
2,6,2009,2,2
2,22,2009,49,49
2,16,2009,13,13
2,4,2009,5,5
2,10,2009,134,9
3,5,2009,11,11
3,9,2009,18,17
3,14,2009,14,14
3,6,2009,2,2
4,14,2009,16,16
4,12,2009,24,24
4,7,2009,6,6
4,10,2009,11,11
4,15,2009,11,1
4,6,2009,7,7
5,12,2009,18,18
5,6,2009,112,98
6,0,2009,228,228
6,8,2009,1,1
